"","PC1","PC2"
"TCGA.KK.A8IH.01A.11R.A36G.07",119.32757683163,-48.8694189597317
"TCGA.HI.7171.01A.12R.2118.07",392.094472034211,-37.3735190521256
"TCGA.G9.6333.01A.12R.1965.07",454.927654094715,-86.550870874959
"TCGA.KK.A7AP.01A.12R.A33R.07",11.1191196928123,1312.13629352509
"TCGA.EJ.7312.01B.21R.A32O.07",-176.118088391728,-102.695259543519
"TCGA.XJ.A83F.01A.11R.A352.07",-445.947682608787,-57.3979359984367
"TCGA.CH.5761.01A.11R.1580.07",1048.32535665323,-61.4426166467865
"TCGA.HC.8265.01A.11R.2263.07",-23.6293557315189,-50.1622838170136
"TCGA.HC.7077.01A.11R.1965.07",652.946116732335,-61.5877831173859
"TCGA.KC.A7F6.01A.11R.A33R.07",-15.9119727915234,-28.7073046994805
"TCGA.KK.A8IM.01A.11R.A36G.07",471.158986392027,-32.4490672897197
"TCGA.XJ.A9DI.01A.11R.A37L.07",86.5104680785076,-34.8246126883193
"TCGA.YL.A8HJ.01A.11R.A36G.07",198.979422826685,-49.3991549533533
"TCGA.QU.A6IM.01A.11R.A31N.07",-2885.42800664263,-19.6703309747516
"TCGA.HC.8213.01A.11R.A29R.07",-299.316014472249,-38.3680437787083
"TCGA.CH.5743.01A.21R.1580.07",332.904841253279,-54.6742452601206
"TCGA.HC.7736.01A.11R.2118.07",661.209174695565,-55.6133263708176
"TCGA.XK.AAJA.01A.11R.A41O.07",686.747108794847,-74.750949475077
"TCGA.J4.A67M.01A.11R.A30B.07",-1026.78545552192,-30.170670501005
"TCGA.HC.8258.01A.11R.2263.07",285.825700780674,-71.2670629619662
"TCGA.HC.7819.01A.11R.2118.07",503.053475067474,-64.5172454902453
"TCGA.EJ.A6RC.01A.11R.A32O.07",33.9372925244712,-64.6809219911734
"TCGA.J4.A6G1.01A.11R.A311.07",14.0711187493391,-31.5586536720437
"TCGA.EJ.A7NJ.01A.22R.A352.07",563.004108872499,-90.7503463740934
"TCGA.EJ.5503.01A.01R.1580.07",596.657024923901,-75.551762339494
"TCGA.EJ.A8FS.01A.11R.A352.07",224.359597166489,-41.5534811362987
"TCGA.EJ.7125.01A.11R.1965.07",481.584956080601,-68.3636560260171
"TCGA.G9.6385.01A.11R.1789.07",186.137098828298,-68.8689103346436
"TCGA.HC.A632.01A.11R.A29R.07",-443.560809509932,-5.37899521183514
"TCGA.V1.A9OH.01A.11R.A41O.07",-110.468084373689,472.188370485862
"TCGA.HC.A8D1.01A.11R.A36G.07",341.196440657139,-45.9722178778726
"TCGA.HC.8262.01A.11R.2263.07",237.772393185305,-34.6926182355987
"TCGA.KC.A7F3.01A.21R.A33R.07",-81.0640971694693,-52.5323088646269
"TCGA.KK.A7AQ.01A.11R.A33R.07",-621.3216525269,-89.5343120444797
"TCGA.G9.6351.01A.21R.1965.07",249.088236171698,-90.5031637137893
"TCGA.YL.A8SI.01A.11R.A41O.07",-162.721129748303,-58.0426317746392
"TCGA.CH.5740.01A.11R.1580.07",322.033473003745,-36.2215239695095
"TCGA.YL.A8S8.01A.11R.A37L.07",44.1955452197779,-26.9568999612542
"TCGA.EJ.A8FU.01A.11R.A36G.07",303.280056815901,130.944350081935
"TCGA.VP.A876.01A.11R.A352.07",19.3789156138111,-17.5221241229266
"TCGA.XJ.A83H.01A.11R.A352.07",204.343456436711,-61.0981398460548
"TCGA.XK.AAIV.01A.11R.A41O.07",575.864331678742,-35.8496803226426
"TCGA.EJ.7797.01A.11R.2263.07",403.102419279042,-46.3842135855248
"TCGA.M7.A721.01A.12R.A32O.07",411.994042281681,-83.5997151027893
"TCGA.KK.A8I7.01A.21R.A36G.07",227.718967902499,-68.5946720179797
"TCGA.ZG.A8QX.01A.11R.A37L.07",180.482749047277,-118.662267201564
"TCGA.J4.A83I.01A.11R.A36G.07",616.950283543299,-46.4565983870844
"TCGA.Y6.A8TL.01A.21R.A37L.07",-141.605628377442,-64.2459237193059
"TCGA.HC.7748.01A.11R.2118.07",856.908235646949,-55.7247777833429
"TCGA.CH.5763.01A.11R.1580.07",530.217596868084,-49.891551248918
"TCGA.EJ.5524.01A.01R.1580.07",752.913870772021,-54.1835452226573
"TCGA.G9.6370.01A.11R.1789.07",278.972487391993,-73.938993916265
"TCGA.ZG.A9L2.01A.31R.A41O.07",123.042486552147,-45.7345255669061
"TCGA.HC.7749.01A.11R.2118.07",410.485404149109,-43.312317185651
"TCGA.EJ.5496.01A.01R.1580.07",435.128025276317,-41.6832121347351
"TCGA.KK.A7B1.01A.11R.A32O.07",263.473319823321,-48.875657495334
"TCGA.G9.A9S7.01A.11R.A41O.07",258.015363251873,-33.5000269271325
"TCGA.KK.A59Y.01A.11R.A26U.07",310.645460274061,-61.4188458409379
"TCGA.EJ.7782.01A.11R.2118.07",926.011302450212,-68.0069555579173
"TCGA.KC.A4BR.01A.32R.A32Y.07",113.789543335086,-63.0166166727852
"TCGA.G9.7519.01A.11R.2263.07",77.7575253105776,-76.8757543727863
"TCGA.ZG.A9NI.01A.11R.A41O.07",-692.030817427242,-65.9946343296442
"TCGA.G9.6348.01A.11R.1789.07",-98.7103772129689,330.364669630149
"TCGA.KK.A8IB.01A.11R.A36G.07",-901.41488333525,-27.9671513393989
"TCGA.G9.6329.01A.13R.1965.07",-623.891019397611,-51.5003087481993
"TCGA.CH.5788.01A.11R.1580.07",351.266319138435,-56.9708574525845
"TCGA.V1.A9O7.01A.21R.A41O.07",96.8340108999435,-59.6586606307877
"TCGA.EJ.7123.01A.11R.1965.07",411.517008134269,-68.5702867208303
"TCGA.G9.6353.01A.11R.1965.07",246.29872199256,-115.146818761121
"TCGA.VN.A88Q.01A.11R.A352.07",436.223573714715,-29.5723917281708
"TCGA.CH.5753.01A.11R.1580.07",620.163679487934,1138.26233612338
"TCGA.V1.A9ZI.01A.11R.A41O.07",-3758.6643096317,84.8561588693134
"TCGA.HC.7821.01A.12R.2118.07",706.335769006291,-77.4340980153899
"TCGA.G9.6339.01A.12R.A311.07",-303.805944207288,87.2242376389654
"TCGA.CH.5771.01A.21R.1580.07",634.232327707273,-66.1709394791667
"TCGA.CH.5789.01A.11R.1580.07",787.730701820698,-85.0341262590176
"TCGA.KK.A6E3.01A.21R.A30B.07",-601.688206850924,-95.3389540660365
"TCGA.XK.AAJR.01A.11R.A41O.07",653.463284709663,-69.5612480605164
"TCGA.HC.A8CY.01A.11R.A36G.07",73.7595011806614,1325.68770070429
"TCGA.EJ.5494.01A.01R.1580.07",563.082902435869,-43.8346597235288
"TCGA.EJ.A65G.01A.21R.A29R.07",-90.8031920627723,-74.0174784372638
"TCGA.EJ.A46H.01A.31R.A26U.07",754.144699854513,-71.0178511994152
"TCGA.VN.A88K.01A.11R.A352.07",295.192949689806,-64.2457173238118
"TCGA.CH.5792.01A.11R.1580.07",599.958267559247,-60.0543623915068
"TCGA.M7.A71Y.01A.22R.A32O.07",-71.3290729780154,540.099917044034
"TCGA.M7.A720.01A.12R.A32O.07",187.188645840983,-50.1684182023786
"TCGA.CH.5750.01A.11R.1580.07",451.374366175555,434.553092658977
"TCGA.ZG.A9L1.01A.11R.A41O.07",274.994489487305,-29.8436056462199
"TCGA.HC.A76W.01A.11R.A33R.07",-635.279467145591,-21.0009072498209
"TCGA.HC.7742.01A.11R.2118.07",467.361611138343,-68.9339496663093
"TCGA.HC.7212.01A.11R.2118.07",722.798036220873,-39.737517357707
"TCGA.CH.5791.01A.11R.1580.07",645.237977695398,-28.302458894754
"TCGA.HI.7170.01A.11R.2118.07",-14.710766699546,-82.7970783028272
"TCGA.EJ.A46D.01A.21R.A32Y.07",137.55570658579,-43.6866460427385
"TCGA.YL.A8HM.01A.11R.A36G.07",-143.43032657728,-21.6421780967855
"TCGA.V1.A9OT.01A.11R.A41O.07",-1646.66279347173,19.0016357178118
"TCGA.YL.A8SR.01B.11R.A37L.07",31.838931910079,-61.2771242419892
"TCGA.V1.A9ZG.01A.11R.A41O.07",335.963114901684,-57.4340029868275
"TCGA.ZG.A9LN.01A.11R.A41O.07",39.6301918895153,-63.9224100097408
"TCGA.EJ.5497.01A.02R.1580.07",736.41925291005,-69.9140765341611
"TCGA.EJ.A7NG.01A.31R.A33R.07",194.244752234745,-49.0268863192774
"TCGA.ZG.A8QY.01A.11R.A37L.07",-132.937283182707,-28.3489594931265
"TCGA.EJ.5507.01A.01R.1580.07",947.704730792153,-86.6185563845523
"TCGA.G9.6379.01A.11R.A31N.07",-1886.08521891552,-27.3372688745436
"TCGA.EJ.A65M.01A.11R.A29R.07",-533.314840498282,-59.9316577765608
"TCGA.YL.A8SL.01B.21R.A37L.07",486.979214477211,-27.927520849168
"TCGA.EJ.A65J.01A.11R.A311.07",709.003265150235,-123.842677604703
"TCGA.J4.8200.01A.11R.A29R.07",460.570305000141,-95.5267946085508
"TCGA.FC.7708.01A.11R.2118.07",627.046963056056,-45.4454498120847
"TCGA.EJ.5530.01A.01R.1580.07",744.326413216871,-46.2932878446614
"TCGA.J4.A67S.01A.11R.A30B.07",-591.135540404288,-47.5221959543979
"TCGA.FC.A8O0.01A.41R.A37L.07",-184.254072685769,-10.709978356
"TCGA.FC.A6HD.01A.11R.A31N.07",-1897.57278519693,25.4746999509492
"TCGA.G9.7510.01A.11R.2263.07",98.1172808673245,-73.5393336389542
"TCGA.CH.5772.01A.11R.1580.07",354.842156226774,-63.5988701716941
"TCGA.MG.AAMC.01A.11R.A41O.07",-646.730942562666,-25.2988973262263
"TCGA.KK.A8I6.01A.11R.A36G.07",400.680104273922,-64.8993617774533
"TCGA.M7.A725.01A.12R.A32O.07",119.202228917003,-11.2745639319912
"TCGA.HC.7075.01A.11R.1965.07",417.766048074523,-64.1428734016156
"TCGA.HC.7233.01A.11R.2118.07",514.833546669613,-62.0472175442085
"TCGA.CH.5794.01A.11R.1580.07",662.118290404734,-53.5519264629507
"TCGA.HC.7744.01A.11R.2118.07",322.62071651348,-25.2054838889785
"TCGA.XQ.A8TB.01A.11R.A36G.07",129.181243209333,-9.99812023607891
"TCGA.EJ.8470.01A.11R.2403.07",582.389234131386,-45.5289865047887
"TCGA.VN.A88M.01A.11R.A352.07",-919.21542810085,-8.75730462310499
"TCGA.J4.8198.01A.11R.2263.07",305.27385477249,-34.0630033156338
"TCGA.HC.7747.01A.11R.2118.07",60.6215683674979,-55.8405028253991
"TCGA.HC.A8D0.01A.11R.A36G.07",-282.627657715651,-18.028233486855
"TCGA.G9.6347.01A.11R.A31N.07",-2055.36944449192,-74.6274915374526
"TCGA.HC.A6AP.01A.11R.A30B.07",-797.502451890176,-86.5393519662246
"TCGA.VN.A943.01A.11R.A41O.07",189.325049480749,-55.0539311765857
"TCGA.J4.A67R.01A.21R.A30B.07",-856.174837131059,-55.3380423295305
"TCGA.KK.A8IL.01A.11R.A36G.07",105.159236149658,-49.5886683687086
"TCGA.V1.A8WW.01A.11R.A37L.07",533.78187309771,-57.4539997746845
"TCGA.HC.7745.01A.11R.2118.07",184.854871317807,-47.0405639685765
"TCGA.HC.A48F.01A.11R.A250.07",440.737733276414,-43.3172911302732
"TCGA.ZG.A9L9.01A.11R.A41O.07",135.040533149752,-70.6736020661974
"TCGA.HC.7230.01A.11R.2118.07",487.490921650577,-49.6492675008071
"TCGA.XJ.A9DQ.01A.11R.A37L.07",-54.3643894189361,-39.6487687193099
"TCGA.CH.5754.01A.11R.1580.07",635.633571399935,-27.9889310547845
"TCGA.XA.A8JR.01A.11R.A36G.07",109.775282998372,-60.2039474407553
"TCGA.V1.A8MF.01A.11R.A36G.07",-1518.61116450508,7.5131560195043
"TCGA.H9.A6BY.01A.11R.A30B.07",-1556.13894614246,1.45946793415842
"TCGA.X4.A8KS.01A.12R.A36G.07",-980.582645187886,-33.7576698624472
"TCGA.M7.A724.01A.12R.A32O.07",-407.221831117821,-31.2788061338534
"TCGA.HC.7738.01A.11R.2118.07",383.468489093873,-71.1699218560395
"TCGA.EJ.7327.01A.11R.2118.07",779.98887028057,-28.2647796626075
"TCGA.V1.A9ZR.01A.11R.A41O.07",-218.549626884576,-10.3471423900851
"TCGA.KK.A7B4.01A.11R.A32O.07",239.36530413487,-32.4956774989141
"TCGA.J9.A8CK.01A.11R.A352.07",-49.7006239169677,-33.8239696011383
"TCGA.V1.A8MM.01A.11R.A37L.07",-2057.25054774784,20.1548791713053
"TCGA.HC.A631.01A.11R.A29R.07",304.197415304729,674.746200669587
"TCGA.V1.A8WV.01A.11R.A37L.07",-958.536082840325,23.5406251203395
"TCGA.FC.A66V.01A.21R.A30B.07",-784.399545306576,-68.8610620795749
"TCGA.VP.A878.01A.31R.A352.07",130.267092002508,-67.5710610179272
"TCGA.KK.A6E1.01A.11R.A311.07",843.822980671173,-70.7450426849234
"TCGA.HC.A6AO.01A.11R.A30B.07",-2500.40566597308,-11.6613437190476
"TCGA.H9.A6BX.01A.31R.A311.07",325.17856690112,-74.4644892010363
"TCGA.KK.A8IJ.01A.11R.A352.07",512.322435249886,-65.2808782654129
"TCGA.HC.7213.01A.11R.2118.07",508.920672412707,-19.9644376380686
"TCGA.XK.AAIW.01A.11R.A41O.07",-53.5725928158763,15.5256205756149
"TCGA.EJ.5514.01A.01R.1580.07",643.501106918228,-46.9411719881797
"TCGA.KK.A7AW.01A.11R.A32O.07",-3294.17028830795,38.2636283451382
"TCGA.ZG.A9L4.01A.11R.A41O.07",294.016796819479,-56.2522194307927
"TCGA.EJ.5531.01A.01R.1580.07",605.511246215349,-77.5789158014966
"TCGA.VN.A88P.01A.11R.A352.07",-66.2979632128695,-52.8732934341897
"TCGA.ZG.A9LS.01A.12R.A41O.07",-5.25817947828818,-29.8070917393052
"TCGA.J4.A67T.01A.11R.A311.07",258.88405173945,-82.3411467937691
"TCGA.KK.A6E0.01A.11R.A311.07",473.104850352812,-80.8065666722467
"TCGA.EJ.A46F.01A.31R.A250.07",-1574.78547112988,19.937654868321
"TCGA.CH.5790.01A.11R.1580.07",573.059181885117,-54.83745123014
"TCGA.EJ.A6RA.01A.11R.A33R.07",-234.472616498051,-50.7502461683826
"TCGA.EJ.7331.01A.11R.2118.07",774.301211664508,-79.9201092414427
"TCGA.YL.A8SQ.01B.11R.A37L.07",-45.1826909139578,-20.9636007389998
"TCGA.XK.AAJT.01A.11R.A41O.07",-514.057707499052,-27.4676832882669
"TCGA.G9.6354.01A.11R.A311.07",-471.069937618087,-46.9234390369488
"TCGA.EJ.5515.01A.01R.1580.07",658.309604810903,-95.7342181595696
"TCGA.EJ.5521.01A.01R.1580.07",100.860340580358,-105.162035601605
"TCGA.VN.A88L.01A.11R.A352.07",71.4697990097754,-74.0549350207091
"TCGA.J4.AATZ.01A.11R.A41O.07",653.904920030306,-50.5635704773662
"TCGA.2A.A8W1.01A.11R.A37L.07",67.9777381918637,437.899982446129
"TCGA.HC.8266.01A.11R.2263.07",3.21968322307186,-29.5957910788518
"TCGA.YL.A9WX.01A.21R.A41O.07",565.841706732709,-48.3589914564246
"TCGA.YL.A8S9.01A.11R.A37L.07",-1545.98238754595,17.1512398449408
"TCGA.KK.A59X.01A.11R.A29R.07",109.548695284275,-69.5728507637052
"TCGA.EJ.7791.01A.11R.2118.07",676.511989426691,-91.0228480009146
"TCGA.VN.A88O.01A.11R.A352.07",135.67140685921,-66.993146548196
"TCGA.EJ.5512.01A.01R.1580.07",51.5728780765197,-56.6495589252741
"TCGA.KK.A8I5.01A.11R.A36G.07",495.928054466217,-64.6507697489614
"TCGA.2A.A8VT.01A.11R.A37L.07",823.678018812881,-30.0284879759216
"TCGA.V1.A8X3.01A.11R.A37L.07",527.460027849397,-51.5427367323927
"TCGA.HC.7211.01A.11R.2118.07",845.597133900194,-75.6477071620264
"TCGA.2A.AAYF.01A.11R.A41O.07",197.002652438086,-65.0933906302045
"TCGA.EJ.5510.01A.01R.1580.07",551.735236227764,61.0433353931432
"TCGA.KK.A6E8.01A.11R.A31N.07",-3190.42683644687,45.9220704044183
"TCGA.HC.7820.01A.11R.2118.07",435.777607660572,-63.3488643381834
"TCGA.QU.A6IP.01A.11R.A31N.07",-87.8876703843153,-41.5678747142978
"TCGA.J4.AATV.01A.11R.A41O.07",266.44482993336,-64.2463346628318
"TCGA.G9.6377.01A.11R.1965.07",-193.388221730629,-55.543914531947
"TCGA.J4.A67O.01A.11R.A30B.07",-2515.23330027715,-68.642112409071
"TCGA.M7.A71Z.01A.12R.A32O.07",-562.382180952661,-5.91561507380578
"TCGA.EJ.8469.01A.11R.2403.07",161.745766851255,-3.10982505390781
"TCGA.KK.A8IF.01A.11R.A36G.07",-2787.34788723854,47.4705214594379
"TCGA.ZG.A9ND.01A.11R.A41O.07",-79.0174342949385,-43.7493591655855
"TCGA.YL.A8SC.01A.11R.A37L.07",705.385142577304,1465.89102643547
"TCGA.V1.A8MK.01A.11R.A36G.07",304.13669790425,-82.5152990834897
"TCGA.HC.7079.01A.11R.1965.07",507.00876077657,-35.2078127939919
"TCGA.CH.5744.01A.11R.1580.07",844.353376574947,-64.3173209722994
"TCGA.HI.7168.01A.11R.2118.07",-184.744302040821,-41.8114316234899
"TCGA.HC.7740.01A.11R.2118.07",445.254706167582,-71.749211596133
"TCGA.EJ.A46E.01A.31R.A250.07",275.860265292807,-47.918482559593
"TCGA.CH.5751.01A.11R.1580.07",340.396556769858,-8.86816702511356
"TCGA.J9.A8CN.01A.11R.A352.07",-1350.38877706488,-27.1416711289846
"TCGA.CH.5769.01A.11R.1580.07",389.653473111832,-45.1902252086803
"TCGA.YL.A8SB.01A.31R.A37L.07",174.360502637837,-50.3128419063572
"TCGA.HC.A6AS.01A.11R.A30B.07",-477.71749423358,138.874405056237
"TCGA.EJ.7786.01A.11R.2118.07",538.079906370123,-83.9814363239837
"TCGA.EJ.7793.01A.31R.2263.07",282.176301911414,-81.6850835071855
"TCGA.HC.8260.01A.11R.2263.07",401.986897354577,-57.5613190168703
"TCGA.EJ.7781.01A.11R.2118.07",730.929145474606,-59.0170813054448
"TCGA.KK.A7AU.01A.11R.A32O.07",51.7303786524998,-13.4358088969621
"TCGA.EJ.5499.01A.01R.1580.07",319.419014932631,-33.6738395215826
"TCGA.J4.AAU2.01A.11R.A41O.07",4.00367693612555,-79.0766236620617
"TCGA.G9.6364.01A.21R.1789.07",550.833861192937,-60.3379505964851
"TCGA.XK.AAK1.01A.11R.A41O.07",-215.743441733407,-60.4376287098836
"TCGA.CH.5741.01A.11R.1580.07",478.986844360592,-44.3587405359281
"TCGA.SU.A7E7.01A.22R.A33R.07",564.828576744356,783.931739016525
"TCGA.CH.5737.01A.11R.1580.07",540.433955446875,-100.858841176374
"TCGA.EJ.7788.01A.11R.2118.07",697.61649909306,1342.12401136513
"TCGA.ZG.A9M4.01A.11R.A41O.07",523.460872614789,155.859230266546
"TCGA.V1.A8WS.01A.11R.A37L.07",277.210953984848,-5.75219827333688
"TCGA.J4.A83K.01A.11R.A352.07",196.413901584891,-47.7560490274165
"TCGA.EJ.7785.01A.11R.2118.07",913.512986878208,-48.9524703314371
"TCGA.J9.A8CM.01A.11R.A352.07",-81.1951468887409,-24.5318130584705
"TCGA.4L.AA1F.01A.11R.A41O.07",514.706046652072,-0.515527050655999
"TCGA.CH.5752.01A.11R.1580.07",737.91876410779,-15.6029901373629
"TCGA.ZG.A8QW.01A.11R.A37L.07",203.568457707101,-65.9042108753991
"TCGA.ZG.A9L6.01A.11R.A41O.07",-18.8908129939373,-63.7065930516522
"TCGA.EJ.5511.01A.01R.1580.07",683.574523587841,-46.3889936309024
"TCGA.VP.A87J.01A.11R.A352.07",774.044750812317,652.154208413647
"TCGA.XJ.A83G.01A.11R.A352.07",-445.028219848175,-74.9353902010852
"TCGA.J4.A67K.01A.21R.A30B.07",-2075.70423359165,19.6547786796685
"TCGA.ZG.A9N3.01A.11R.A41O.07",-438.580227359135,-14.8548162201997
"TCGA.J9.A52C.01A.11R.A26U.07",187.616205338229,-66.9015635555577
"TCGA.TP.A8TT.01A.12R.A41O.07",536.101295771396,-66.8624302052013
"TCGA.KK.A59V.01A.11R.A29R.07",-1097.13985802518,22.0006796765556
"TCGA.EJ.5505.01A.01R.1580.07",587.794565462631,-69.3390877232722
"TCGA.EJ.7330.01A.11R.2118.07",764.645156854226,-72.4896254448978
"TCGA.HC.7209.01A.11R.2118.07",703.739661626469,-61.0694057338465
"TCGA.KK.A6E2.01A.11R.A311.07",287.261170809437,-16.0416907848195
"TCGA.ZG.A8QZ.01A.11R.A37L.07",192.252106953405,-26.9898345883945
"TCGA.EJ.5501.01A.01R.1580.07",706.49723607682,949.423946104185
"TCGA.ZG.A9L0.01A.11R.A41O.07",56.3834843782693,-37.4052341734225
"TCGA.KK.A6E7.01A.11R.A31N.07",-464.53157988713,-70.4148308744112
"TCGA.EJ.7794.01A.11R.2118.07",627.115438450432,-82.1204643401904
"TCGA.V1.A9Z8.01A.11R.A41O.07",-367.547847537822,-45.6302410224384
"TCGA.2A.A8VV.01A.11R.A37L.07",-20.5169988448292,-41.0666189382851
"TCGA.J9.A52B.01A.11R.A26U.07",142.390495458781,-26.0136216157626
"TCGA.KC.A7FE.01A.12R.A33R.07",101.518004272151,-59.9776953412918
"TCGA.G9.6373.01A.11R.1789.07",-1329.18774015258,-11.1364232532593
"TCGA.J4.A83M.01A.11R.A352.07",381.085446387627,822.077750013917
"TCGA.FC.A4JI.01A.11R.A250.07",397.359650648956,-55.7004159740233
"TCGA.HC.7210.01A.11R.2118.07",909.649579705141,-100.196765546044
"TCGA.V1.A9Z7.01A.11R.A41O.07",-246.027851825096,-24.1422078142772
"TCGA.G9.6362.01A.11R.1789.07",-1448.27253794451,-3.30354021908763
"TCGA.ZG.A9LB.01A.11R.A41O.07",-7097.14360138699,164.155966255971
"TCGA.EJ.5506.01A.01R.1580.07",621.348485884828,-51.9040352963622
"TCGA.HC.8216.01A.11R.A29R.07",305.346041716621,-53.5978617109848
"TCGA.KK.A7AZ.01A.12R.A32O.07",-926.097522154029,20.9918092067681
"TCGA.G9.7523.01A.11R.2263.07",-84.010511911282,-81.6786316422287
"TCGA.CH.5766.01A.11R.1580.07",792.327365087594,-58.2919275570498
"TCGA.XK.AAJU.01A.11R.A41O.07",183.611554686609,-58.2740470420633
"TCGA.YL.A8HK.01A.11R.A36G.07",636.916209726258,-48.3460590342643
"TCGA.EJ.5517.01A.01R.1580.07",349.291580988601,-82.9597324036909
"TCGA.V1.A9ZK.01A.11R.A41O.07",348.815411363561,-72.1656290676508
"TCGA.KK.A7AY.01A.11R.A33R.07",-1051.59188048561,-46.9719009907641
"TCGA.KK.A8IK.01A.11R.A36G.07",-47.1755323558535,-65.1102927750329
"TCGA.J4.A67L.01A.11R.A30B.07",-368.516539758684,-64.8566734120468
"TCGA.KK.A8ID.01A.11R.A36G.07",159.610915844262,-53.6163381250114
"TCGA.EJ.5498.01A.01R.1580.07",675.635228732255,-67.9527939024981
"TCGA.EJ.5509.01A.01R.1580.07",206.179886397421,-56.3423571018756
"TCGA.VP.A879.01A.11R.A352.07",313.56113173528,-52.1297789947038
"TCGA.TP.A8TV.01A.11R.A41O.07",-101.721899972149,-65.9888175122789
"TCGA.EJ.7789.01A.11R.2118.07",-521.925960620643,-17.1025890252784
"TCGA.EJ.7328.01A.31R.2118.07",-108.749084242187,-18.5087980158371
"TCGA.XK.AAIR.01A.11R.A41O.07",291.400438126286,-59.0249974280972
"TCGA.HC.7750.01A.11R.2118.07",115.524908271634,-75.7700100290857
"TCGA.2A.AAYO.01A.11R.A41O.07",-130.816924062424,-46.7356749029309
"TCGA.KC.A4BL.01A.31R.A250.07",424.724984317543,-48.6752418498098
"TCGA.CH.5738.01A.11R.1580.07",651.12728168261,-55.8544041762189
"TCGA.G9.6332.01A.11R.1789.07",88.2689466156168,-48.2441914962859
"TCGA.2A.A8W3.01A.11R.A37L.07",619.557341358118,1332.73883140973
"TCGA.KK.A6DY.01A.12R.A311.07",401.867851940806,-43.745789960053
"TCGA.EJ.A7NK.01A.12R.A352.07",289.695133423904,-68.0200056637379
"TCGA.J4.A6G3.01A.11R.A311.07",601.327425623526,-58.6631012941304
"TCGA.Y6.A9XI.01A.11R.A41O.07",168.752336447431,-34.0375600728385
"TCGA.EJ.5526.01A.01R.1580.07",664.521705808299,-49.0804875368028
"TCGA.V1.A8MU.01A.11R.A37L.07",167.79812365356,-44.4745101541333
"TCGA.EJ.8474.01A.11R.2403.07",119.728966508578,246.234643238431
"TCGA.ZG.A9LU.01A.11R.A41O.07",-727.017052940562,-25.4913126773865
"TCGA.EJ.5508.01A.02R.1580.07",634.900626677011,-50.2808849675951
"TCGA.YL.A9WH.01A.11R.A37L.07",294.017756145285,346.073728330837
"TCGA.G9.6384.01A.11R.1789.07",660.329237290436,-45.3753718678784
"TCGA.2A.A8VO.01A.11R.A37L.07",-414.629691013515,-37.770631804789
"TCGA.G9.6356.01A.11R.1789.07",259.57900185206,-41.5310111463766
"TCGA.J4.A67Q.01A.21R.A30B.07",-1646.48859924859,-31.4344782040746
"TCGA.J9.A8CL.01A.11R.A352.07",355.281419762019,-40.7443460048718
"TCGA.KK.A8IG.01A.11R.A36G.07",-145.822996123926,-55.6327795452688
"TCGA.KK.A59Z.01A.12R.A26U.07",-1236.37723332224,-5.01341635763223
"TCGA.G9.6371.01A.11R.1789.07",260.422407210123,-67.130637714214
"TCGA.EJ.7783.01A.11R.2118.07",737.971455475329,-42.434678168338
"TCGA.FC.A5OB.01A.11R.A29R.07",462.105323387598,-70.3680573856395
"TCGA.VP.A87E.01A.31R.A352.07",370.273488909491,-124.146189547423
"TCGA.G9.7509.01A.11R.A41O.07",381.021638502146,-64.0307834021281
"TCGA.VP.A87C.01A.11R.A352.07",397.206643066024,-30.3809722095949
"TCGA.KK.A7B2.01A.12R.A32O.07",-741.656025143368,-33.0425237756964
"TCGA.YL.A8SP.01B.11R.A37L.07",794.82020155686,-24.223477769435
"TCGA.EJ.5527.01A.01R.1580.07",654.269920790534,-45.2822100020689
"TCGA.EJ.7218.01B.11R.A32O.07",-61.8983571463708,-77.3797758255204
"TCGA.HC.7752.01A.11R.2118.07",-1780.44766702271,-3.71161863137362
"TCGA.CH.5764.01A.21R.1580.07",488.387889420783,-14.5245861946457
"TCGA.VP.A87D.01A.11R.A352.07",523.372197991136,-32.6970850072735
"TCGA.G9.6494.01A.11R.1789.07",418.245179526272,444.320951206852
"TCGA.V1.A9OL.01A.11R.A41O.07",643.790847463505,-63.0535667019623
"TCGA.KC.A4BV.01A.31R.A26U.07",310.866047042803,-30.7302235180406
"TCGA.HC.7080.01A.11R.1965.07",628.553953934392,-55.6179051391654
"TCGA.HC.7817.01B.11R.A29R.07",515.719503161595,88.0645657203259
"TCGA.YL.A9WJ.01A.11R.A37L.07",433.594564405649,-47.0643671209979
"TCGA.KK.A8IC.01A.11R.A36G.07",492.441406365509,-45.7647818906308
"TCGA.XJ.A9DK.01A.11R.A37L.07",131.26299031109,-28.7128978727561
"TCGA.HC.8261.01A.11R.2263.07",244.50347081056,-58.5137650335255
"TCGA.EJ.8472.01A.11R.2403.07",800.123033246312,-49.2184037284296
"TCGA.EJ.A8FN.01A.11R.A352.07",137.927273197637,-103.071779426327
"TCGA.V1.A9Z9.01A.21R.A41O.07",150.50942044101,-87.3080826268351
"TCGA.KK.A8I8.01A.11R.A36G.07",-768.955974595757,17.5273389105488
"TCGA.FC.7961.01A.11R.A29R.07",437.754495524289,-82.5396696398605
"TCGA.KK.A6E4.01A.11R.A30B.07",-1145.60875644922,-20.5784381429686
"TCGA.EJ.5522.01A.01R.1580.07",860.609843870261,-54.4987705370776
"TCGA.KK.A7AV.01A.11R.A32O.07",25.0809761714252,-38.7926807332576
"TCGA.EJ.A7NN.01A.11R.A33R.07",408.704688692133,-45.6206457378902
"TCGA.EJ.7325.01B.11R.A32O.07",-3455.34978058422,14.8908496749992
"TCGA.J4.A83N.01A.11R.A352.07",28.0370994240383,-31.5932827200884
"TCGA.G9.A9S0.01A.11R.A41O.07",76.8744412558621,-53.4010915543917
"TCGA.HC.8257.01A.11R.2263.07",164.875379728345,-18.4912333266771
"TCGA.G9.7521.01A.11R.2263.07",608.06065998133,-82.4539805851822
"TCGA.V1.A8ML.01A.11R.A37L.07",107.589979845472,-49.9297678917106
"TCGA.G9.6338.01A.12R.1965.07",-394.851475365999,-182.917446723137
"TCGA.KK.A8I4.01A.11R.A36G.07",49.0579007546939,6.78560908016034
"TCGA.G9.6366.01A.11R.2118.07",588.567580509148,-136.666646525257
"TCGA.V1.A9OF.01A.11R.A41O.07",218.286046673106,-48.3290283978065
"TCGA.XQ.A8TA.01A.11R.A36G.07",610.203203749126,-23.0239922901052
"TCGA.VP.AA1N.01A.31R.A41O.07",-297.480672637042,-75.5019042700753
"TCGA.VN.A88N.01A.11R.A36G.07",102.55518317266,-56.5562211682508
"TCGA.EJ.8468.01A.21R.2403.07",707.878692029668,-57.9441560087302
"TCGA.V1.A8WN.01A.11R.A37L.07",626.892776776744,-73.6477667316831
"TCGA.HC.A6HY.01A.11R.A31N.07",-369.733161683854,-38.3265401837257
"TCGA.EJ.5542.01A.01R.1580.07",764.26604218664,-53.6765810217906
"TCGA.J4.A6M7.01A.11R.A31N.07",430.941897293561,-38.8472479525031
"TCGA.G9.6369.01A.21R.1965.07",-734.541467809929,-107.157906752054
"TCGA.YL.A9WK.01A.11R.A37L.07",-790.483928873272,-10.6899037153343
"TCGA.X4.A8KQ.01A.12R.A36G.07",-627.816462113519,-26.0271918446847
"TCGA.KK.A8I9.01A.11R.A36G.07",-187.836914893952,-46.2103858897094
"TCGA.KK.A7B3.01A.11R.A33R.07",142.107152583312,126.511702735146
"TCGA.QU.A6IO.01A.11R.A31N.07",-2035.21323751921,-14.2628934723649
"TCGA.EJ.5519.01A.01R.1580.07",935.996239250863,581.073900268756
"TCGA.EJ.7314.01A.31R.2118.07",277.949804087018,-45.8899710630742
"TCGA.KC.A4BN.01A.61R.A250.07",513.540833745119,-86.670359459196
"TCGA.EJ.5502.01A.01R.1580.07",721.940187220141,-71.2346184707568
"TCGA.VN.A88R.01A.11R.A36G.07",118.473976947795,-96.1572049131875
"TCGA.V1.A9OX.01A.11R.A41O.07",-334.929759882617,-47.7145508595639
"TCGA.KC.A7FD.01A.11R.A33R.07",169.383498478037,-44.540706817053
"TCGA.WW.A8ZI.01A.11R.A37L.07",298.942629434176,-45.8944288634806
"TCGA.G9.6343.01A.21R.1965.07",-883.538464756621,-72.1126669734975
"TCGA.EJ.5504.01A.01R.1580.07",355.934933534613,249.050277169327
"TCGA.G9.6336.01A.11R.1789.07",32.4114629452911,-69.6868727248335
"TCGA.EJ.A7NH.01A.12R.A33R.07",118.409377211558,152.576680926581
"TCGA.YL.A9WI.01A.11R.A37L.07",-410.684232558112,-37.7092451168822
"TCGA.G9.6361.01A.21R.1965.07",-50.9951907780808,-64.0471642823597
"TCGA.EJ.7792.01A.11R.2118.07",620.036988169684,-84.6498097410608
"TCGA.H9.7775.01A.11R.2118.07",440.561348558568,-58.1104286880544
"TCGA.G9.6496.01A.11R.1789.07",-558.60193765798,-69.4215106277383
"TCGA.CH.5762.01A.11R.1580.07",671.112933411726,-46.4982387297453
"TCGA.HC.A9TE.01A.11R.A41O.07",193.752251672392,-40.8003357585561
"TCGA.YL.A9WL.01A.11R.A41O.07",804.915025535203,-28.8045687643404
"TCGA.EJ.7115.01A.11R.2118.07",357.542583277845,-58.2010520076797
"TCGA.XJ.A9DX.01A.11R.A37L.07",-12.2341131673874,-89.0004732350885
"TCGA.V1.A8MG.01A.11R.A36G.07",-572.840092951188,-14.8713600903607
"TCGA.HC.7737.01A.11R.2118.07",612.786467389572,-82.0689213501028
"TCGA.V1.A8WL.01A.11R.A37L.07",200.991754304357,-50.6559084194879
"TCGA.CH.5767.01A.11R.1789.07",-141.030587186657,-97.2610316544684
"TCGA.M7.A723.01A.12R.A32O.07",-479.551904112484,-79.0239605986861
"TCGA.XK.AAJ3.01A.11R.A41O.07",-457.471181246601,-39.1549718456801
"TCGA.EJ.A46B.01A.31R.A250.07",340.235399449597,-95.4179240409417
"TCGA.HC.8259.01A.11R.2263.07",300.702386952185,-50.3788053889726
"TCGA.KK.A5A1.01A.11R.A29R.07",-614.621995227633,-39.3998322888121
"TCGA.QU.A6IN.01A.11R.A31N.07",-2721.82697480991,37.4716277711646
"TCGA.V1.A9OY.01A.11R.A41O.07",231.502793371132,-50.3562117226818
"TCGA.G9.6363.01A.21R.1789.07",288.365955039323,-68.9106339625176
"TCGA.VP.A875.01A.31R.A352.07",143.797774515976,-4.84363662216482
"TCGA.V1.A9O9.01A.11R.A41O.07",355.924145422635,-28.7416923968888
"TCGA.HC.A9TH.01A.11R.A41O.07",708.882541459927,548.731639744438
"TCGA.EJ.AB20.01A.12R.A41O.07",-1271.68283327831,-33.2732977219641
"TCGA.G9.7522.01A.11R.2263.07",447.350173603138,-76.0047520997985
"TCGA.KK.A7B0.01A.11R.A32O.07",-1243.38685092363,-64.2034835762366
"TCGA.EJ.AB27.01A.11R.A41O.07",194.820957785674,-70.759137785812
"TCGA.HC.7232.01A.11R.2118.07",707.887543068506,-68.3774403263307
"TCGA.YL.A8SH.01B.11R.A37L.07",-68.3040256153909,-37.1337797782008
"TCGA.EJ.7321.01A.31R.2263.07",282.48239894585,-26.3578715217597
"TCGA.EJ.A46I.01A.12R.A26U.07",498.685899385424,-55.5791613273318
"TCGA.YL.A8SO.01B.31R.A37L.07",-1450.96270738633,-8.53329184852569
"TCGA.G9.6499.01A.12R.1965.07",-136.713313076477,-89.4396108035038
"TCGA.ZG.A9L5.01A.12R.A41O.07",71.6334415842104,-12.5053421510571
"TCGA.G9.A9S4.01A.11R.A41O.07",-713.909194922723,3.20944126923269
"TCGA.EJ.5525.01A.01R.1580.07",-567.322260986328,40.1601757036208
"TCGA.G9.6342.01A.11R.1965.07",571.541262527743,-84.4790279009294
"TCGA.TK.A8OK.01A.22R.A36G.07",547.979871781777,-117.203124470643
"TCGA.XK.AAJP.01A.11R.A41O.07",145.735687407778,-53.6845000123688
"TCGA.EJ.7318.01B.11R.A32O.07",-209.115098390406,92.2663390693168
"TCGA.ZG.A9KY.01A.11R.A41O.07",719.125653117948,-61.9168895160449
"TCGA.ZG.A9LZ.01A.11R.A41O.07",-276.389832321142,-25.8721236938693
"TCGA.KC.A7F5.01A.11R.A33R.07",-1448.1112870115,-17.0588874459075
"TCGA.YL.A8SA.01A.21R.A37L.07",539.92878414745,-65.4594564726605
"TCGA.HC.A6AQ.01A.11R.A30B.07",-1084.35755221214,774.806987707932
"TCGA.VP.A87H.01A.11R.A352.07",-643.830220414268,-26.8454181872935
"TCGA.G9.7525.01A.31R.2263.07",-529.481415841302,-60.3049504064932
"TCGA.YL.A8HL.01A.11R.A36G.07",780.203689079261,-72.8809887119651
"TCGA.HC.A6AL.01A.11R.A30B.07",-776.291621673949,379.864238907398
"TCGA.J4.A67N.01A.11R.A30B.07",-1322.64540010015,-20.4268074713451
"TCGA.CH.5745.01A.11R.1580.07",474.864107045485,7.48021451047273
"TCGA.HC.8256.01A.11R.2263.07",473.78282110422,-63.1268998303143
"TCGA.EJ.5516.01A.01R.1580.07",797.199759042516,-73.1759737946228
"TCGA.YL.A8SK.01B.21R.A37L.07",90.609425849498,-43.3474022493325
"TCGA.CH.5768.01A.11R.1580.07",214.330251260024,-31.9133872950067
"TCGA.HC.7231.01A.11R.2118.07",405.499652438924,-54.4590460687668
"TCGA.G9.6367.01A.11R.1789.07",158.87113153629,-97.807479007393
"TCGA.QU.A6IL.01A.11R.A31N.07",-480.955800348226,-51.3737347300081
"TCGA.ZG.A9MC.01A.31R.A41O.07",232.97571869631,-42.0717380619541
"TCGA.HC.A76X.01A.11R.A33R.07",38.7690595512493,-23.7740228434896
"TCGA.EJ.5532.01A.01R.1580.07",524.372609535574,-62.2219926941722
"TCGA.CH.5746.01A.11R.1580.07",549.175267541852,-43.8008660095099
"TCGA.KK.A6E6.01A.11R.A311.07",162.142803131176,-45.6987913146228
"TCGA.G9.6378.01A.11R.1789.07",37.1025823409373,-60.1847004056047
"TCGA.EJ.A7NF.01A.11R.A33R.07",-284.125695543288,-24.9232182803844
"TCGA.YL.A8HO.01A.11R.A36G.07",-550.354324743265,-37.7988661858592
"TCGA.HC.A6AN.01A.11R.A30B.07",-1146.23857402447,-47.684114803086
"TCGA.2A.A8VL.01A.21R.A37L.07",121.208510741467,-91.5753073939219
"TCGA.HC.7081.01A.11R.1965.07",771.50711257334,-51.6539590012314
"TCGA.VP.A87B.01A.11R.A352.07",-609.333859566098,-39.7572859586091
"TCGA.CH.5765.01A.11R.1580.07",646.537761193921,-50.7795514246447
"TCGA.HC.8264.01B.11R.2403.07",548.343902386412,-96.436032779871
"TCGA.HC.A6HX.01A.11R.A31N.07",-1257.99840797785,-29.0804612705466
"TCGA.YL.A9WY.01A.11R.A41O.07",530.810551785713,187.071503250819
"TCGA.HC.A4ZV.01A.11R.A26U.07",-95.7792019937739,-34.9757694318883
"TCGA.EJ.5518.01A.01R.1580.07",807.434167139764,-99.8942329970172
"TCGA.2A.AAYU.01A.11R.A41O.07",527.787132141697,-39.2130513458687
"TCGA.2A.A8VX.01A.11R.A37L.07",-1862.64742605922,21.6514716940158
"TCGA.V1.A9O5.01A.11R.A41O.07",76.2933830714405,-60.6196738122631
"TCGA.EJ.7315.01A.31R.2118.07",429.379686224061,-62.4366974095236
"TCGA.HI.7169.01A.11R.2118.07",-915.574858531295,-194.389535548029
"TCGA.EJ.7317.01A.31R.2118.07",356.012383725154,-100.090393633675
"TCGA.M7.A722.01A.12R.A36G.07",-4951.95094831289,55.1469573984503
"TCGA.CH.5748.01A.11R.1580.07",574.719308500494,91.0674449452961
"TCGA.HC.7078.01A.11R.2118.07",-1453.11391764099,16.9820785666881
"TCGA.EJ.7784.01A.11R.2118.07",399.535703292874,-17.6305035559417
"TCGA.V1.A9OQ.01A.11R.A41O.07",-1395.67213889042,-48.7682110117415
"TCGA.J4.A83J.01A.11R.A36G.07",450.398947459951,-73.0621776955917
"TCGA.VN.A88I.01A.11R.A352.07",48.4185323944709,-50.6817535254748
"TCGA.EJ.5495.01A.01R.1580.07",590.483917141684,-16.7592571208574
"TCGA.KC.A7FA.01A.21R.A33R.07",-318.011481870915,-44.548931664665
"TCGA.V1.A9OA.01A.11R.A41O.07",-616.736461471836,-9.97478168083238
"TCGA.J9.A8CP.01A.11R.A352.07",101.978214832943,-58.0124267718467
"TCGA.KK.A6E5.01A.11R.A311.07",-83.8034828538603,-63.8283094088268
"TCGA.KK.A8IA.01A.11R.A36G.07",-198.533660520981,-11.3163994584586
"TCGA.HC.7818.01A.11R.2118.07",477.105710843631,391.536554197024
"TCGA.CH.5739.01A.11R.1580.07",500.016896335345,-42.9311631923921
"TCGA.J4.A83L.01A.11R.A352.07",311.01029130245,-72.8347556408026
"TCGA.ZG.A9LM.01A.11R.A41O.07",-1441.58015901456,30.6656686617284
"TCGA.J9.A52E.01A.11R.A26U.07",-380.432774314404,38.7657041308701
"TCGA.ZG.A9LY.01A.11R.A41O.07",154.228528536287,1779.24654017702
"TCGA.G9.6365.01A.11R.1789.07",-198.853821570782,-43.1741326112016
"TCGA.YL.A8SJ.01B.11R.A37L.07",167.848460225353,190.71731423659
"TCGA.G9.6498.01A.12R.A311.07",-1122.73931306897,-33.930103178906
